Workbook

Sheet Active_Ranges
A1: name | B1: sheet_id | C1: sheet_name | D1: ref_a1 | E1: first_cell | F1: last_cell | G1: n_rows | H1: n_cols | I1: n_cells | J1: is_active
A2: ACCH | B2: 17 | C2: World Cost tables | D2: ='World Cost tables'!$I$5 -> 0 | E2: I5 | F2: I5 | G2: 1 | H2: 1 | I2: 1 | J2: 1
A3: ACLH | B3: 17 | C3: World Cost tables | D3: ='World Cost tables'!$I$3 -> 0 | E3: I3 | F3: I3 | G3: 1 | H3: 1 | I3: 1 | J3: 1
A4: AECH | B4: 17 | C4: World Cost tables | D4: ='World Cost tables'!$K$5 -> 0 | E4: K5 | F4: K5 | G4: 1 | H4: 1 | I4: 1 | J4: 1
A5: AELH | B5: 17 | C5: World Cost tables | D5: ='World Cost tables'!$K$3 -> 0 | E5: K3 | F5: K3 | G5: 1 | H5: 1 | I5: 1 | J5: 1
A6: Aeroderivative_QTY | B6: 3 | C6: Data Entry | D6: ='Data Entry'!$E$85 -> 0 | E6: E85 | F6: E85 | G6: 1 | H6: 1 | I6: 1 | J6: 1
A7: ALG_Currency | B7: 19 | C7: World Currency Table | D7: ='World Currency Table'!$D$5 -> 0 | E7: D5 | F7: D5 | G7: 1 | H7: 1 | I7: 1 | J7: 1
A8: ALLOWANCE_FAT | B8: 17 | C8: World Cost tables | D8: ='World Cost tables'!$V$8 -> 0 | E8: V8 | F8: V8 | G8: 1 | H8: 1 | I8: 1 | J8: 1
A9: ALLOWANCE_HIGHRISK | B9: 17 | C9: World Cost tables | D9: ='World Cost tables'!$V$10 -> 0 | E9: V10 | F9: V10 | G9: 1 | H9: 1 | I9: 1 | J9: 1
A10: ALLOWANCE_PCT_COST | B10: 4 | C10: Application Based | D10: ='Application Based'!$E$458 -> 0 | E10: E458 | F10: E458 | G10: 1 | H10: 1 | I10: 1 | J10: 1
A11: ALLOWANCE_SITE | B11: 17 | C11: World Cost tables | D11: ='World Cost tables'!$V$9 -> 0 | E11: V9 | F11: V9 | G11: 1 | H11: 1 | I11: 1 | J11: 1
A12: ALLOWANCE_TOTAL_COST | B12: 14 | C12: Price Make-up | D12: ='Price Make-up'!$L$271 -> 0 | E12: L271 | F12: L271 | G12: 1 | H12: 1 | I12: 1 | J12: 1
A13: APP_1_AVG_RATE | B13: 14 | C13: Price Make-up | D13: ='Price Make-up'!$CT$132 -> 0 | E13: CT132 | F13: CT132 | G13: 1 | H13: 1 | I13: 1 | J13: 1
A14: APP_1_HOURS | B14: 3 | C14: Data Entry | D14: ='Data Entry'!$E$118 -> 0 | E14: E118 | F14: E118 | G14: 1 | H14: 1 | I14: 1 | J14: 1
A15: APP_1_HOURS_TUNED | B15: 15 | C15: Industry | D15: =Industry!$D$68 -> 0 | E15: D68 | F15: D68 | G15: 1 | H15: 1 | I15: 1 | J15: 1
A16: APP_1_HOURS_UNITS | B16: 3 | C16: Data Entry | D16: ='Data Entry'!$F$118 -> 0 | E16: F118 | F16: F118 | G16: 1 | H16: 1 | I16: 1 | J16: 1
A17: APP_1_NAME | B17: 3 | C17: Data Entry | D17: ='Data Entry'!$D$118 -> 0 | E17: D118 | F17: D118 | G17: 1 | H17: 1 | I17: 1 | J17: 1
A18: APP_1_NAME_TUNED | B18: 15 | C18: Industry | D18: =Industry!$D$67 -> 0 | E18: D67 | F18: D67 | G18: 1 | H18: 1 | I18: 1 | J18: 1
A19: APP_2_AVG_RATE | B19: 14 | C19: Price Make-up | D19: ='Price Make-up'!$CT$133 -> 0 | E19: CT133 | F19: CT133 | G19: 1 | H19: 1 | I19: 1 | J19: 1
A20: APP_2_HOURS | B20: 3 | C20: Data Entry | D20: ='Data Entry'!$E$119 -> 0 | E20: E119 | F20: E119 | G20: 1 | H20: 1 | I20: 1 | J20: 1
A21: APP_2_HOURS_TUNED | B21: 15 | C21: Industry | D21: =Industry!$D$70 -> 0 | E21: D70 | F21: D70 | G21: 1 | H21: 1 | I21: 1 | J21: 1
A22: APP_2_HOURS_UNITS | B22: 3 | C22: Data Entry | D22: ='Data Entry'!$F$119 -> 0 | E22: F119 | F22: F119 | G22: 1 | H22: 1 | I22: 1 | J22: 1
A23: APP_2_NAME | B23: 3 | C23: Data Entry | D23: ='Data Entry'!$D$119 -> 0 | E23: D119 | F23: D119 | G23: 1 | H23: 1 | I23: 1 | J23: 1
A24: APP_2_NAME_TUNED | B24: 15 | C24: Industry | D24: =Industry!$D$69 -> 0 | E24: D69 | F24: D69 | G24: 1 | H24: 1 | I24: 1 | J24: 1
A25: APP_3_AVG_RATE | B25: 14 | C25: Price Make-up | D25: ='Price Make-up'!$CT$134 -> 0 | E25: CT134 | F25: CT134 | G25: 1 | H25: 1 | I25: 1 | J25: 1
A26: APP_3_HOURS | B26: 3 | C26: Data Entry | D26: ='Data Entry'!$E$120 -> 0 | E26: E120 | F26: E120 | G26: 1 | H26: 1 | I26: 1 | J26: 1
A27: APP_3_HOURS_TUNED | B27: 15 | C27: Industry | D27: =Industry!$D$72 -> 0 | E27: D72 | F27: D72 | G27: 1 | H27: 1 | I27: 1 | J27: 1
A28: APP_3_HOURS_UNITS | B28: 3 | C28: Data Entry | D28: ='Data Entry'!$F$120 -> 0 | E28: F120 | F28: F120 | G28: 1 | H28: 1 | I28: 1 | J28: 1
A29: APP_3_NAME | B29: 3 | C29: Data Entry | D29: ='Data Entry'!$D$120 -> 0 | E29: D120 | F29: D120 | G29: 1 | H29: 1 | I29: 1 | J29: 1
A30: APP_3_NAME_TUNED | B30: 15 | C30: Industry | D30: =Industry!$D$71 -> 0 | E30: D71 | F30: D71 | G30: 1 | H30: 1 | I30: 1 | J30: 1
A31: APP_4_AVG_RATE | B31: 14 | C31: Price Make-up | D31: ='Price Make-up'!$CT$135 -> 0 | E31: CT135 | F31: CT135 | G31: 1 | H31: 1 | I31: 1 | J31: 1
A32: APP_4_HOURS | B32: 3 | C32: Data Entry | D32: ='Data Entry'!$E$121 -> 0 | E32: E121 | F32: E121 | G32: 1 | H32: 1 | I32: 1 | J32: 1
A33: APP_4_HOURS_TUNED | B33: 15 | C33: Industry | D33: =Industry!$D$74 -> 0 | E33: D74 | F33: D74 | G33: 1 | H33: 1 | I33: 1 | J33: 1
A34: APP_4_HOURS_UNITS | B34: 3 | C34: Data Entry | D34: ='Data Entry'!$F$121 -> 0 | E34: F121 | F34: F121 | G34: 1 | H34: 1 | I34: 1 | J34: 1
A35: APP_4_NAME | B35: 3 | C35: Data Entry | D35: ='Data Entry'!$D$121 -> 0 | E35: D121 | F35: D121 | G35: 1 | H35: 1 | I35: 1 | J35: 1
A36: APP_4_NAME_TUNED | B36: 15 | C36: Industry | D36: =Industry!$D$73 -> 0 | E36: D73 | F36: D73 | G36: 1 | H36: 1 | I36: 1 | J36: 1
A37: APP_5_AVG_RATE | B37: 14 | C37: Price Make-up | D37: ='Price Make-up'!$CT$136 -> 0 | E37: CT136 | F37: CT136 | G37: 1 | H37: 1 | I37: 1 | J37: 1
A38: APP_5_HOURS | B38: 3 | C38: Data Entry | D38: ='Data Entry'!$E$122 -> 0 | E38: E122 | F38: E122 | G38: 1 | H38: 1 | I38: 1 | J38: 1
A39: APP_5_HOURS_TUNED | B39: 15 | C39: Industry | D39: =Industry!$D$76 -> 0 | E39: D76 | F39: D76 | G39: 1 | H39: 1 | I39: 1 | J39: 1
A40: APP_5_HOURS_UNITS | B40: 3 | C40: Data Entry | D40: ='Data Entry'!$F$122 -> 0 | E40: F122 | F40: F122 | G40: 1 | H40: 1 | I40: 1 | J40: 1
A41: APP_5_NAME | B41: 3 | C41: Data Entry | D41: ='Data Entry'!$D$122 -> 0 | E41: D122 | F41: D122 | G41: 1 | H41: 1 | I41: 1 | J41: 1
A42: APP_5_NAME_TUNED | B42: 15 | C42: Industry | D42: =Industry!$D$75 -> 0 | E42: D75 | F42: D75 | G42: 1 | H42: 1 | I42: 1 | J42: 1
A43: APP_6_AVG_RATE | B43: 14 | C43: Price Make-up | D43: ='Price Make-up'!$CT$137 -> 0 | E43: CT137 | F43: CT137 | G43: 1 | H43: 1 | I43: 1 | J43: 1
A44: APP_6_HOURS | B44: 3 | C44: Data Entry | D44: ='Data Entry'!$E$123 -> 0 | E44: E123 | F44: E123 | G44: 1 | H44: 1 | I44: 1 | J44: 1
A45: APP_6_HOURS_TUNED | B45: 15 | C45: Industry | D45: =Industry!$D$78 -> 0 | E45: D78 | F45: D78 | G45: 1 | H45: 1 | I45: 1 | J45: 1
A46: APP_6_HOURS_UNITS | B46: 3 | C46: Data Entry | D46: ='Data Entry'!$F$123 -> 0 | E46: F123 | F46: F123 | G46: 1 | H46: 1 | I46: 1 | J46: 1
A47: APP_6_NAME | B47: 3 | C47: Data Entry | D47: ='Data Entry'!$D$123 -> 0 | E47: D123 | F47: D123 | G47: 1 | H47: 1 | I47: 1 | J47: 1
A48: APP_6_NAME_TUNED | B48: 15 | C48: Industry | D48: =Industry!$D$77 -> 0 | E48: D77 | F48: D77 | G48: 1 | H48: 1 | I48: 1 | J48: 1
A49: APP_7_AVG_RATE | B49: 14 | C49: Price Make-up | D49: ='Price Make-up'!$CT$138 -> 0 | E49: CT138 | F49: CT138 | G49: 1 | H49: 1 | I49: 1 | J49: 1
A50: APP_7_HOURS | B50: 3 | C50: Data Entry | D50: ='Data Entry'!$E$124 -> 0 | E50: E124 | F50: E124 | G50: 1 | H50: 1 | I50: 1 | J50: 1
A51: APP_7_HOURS_TUNED | B51: 15 | C51: Industry | D51: =Industry!$D$80 -> 0 | E51: D80 | F51: D80 | G51: 1 | H51: 1 | I51: 1 | J51: 1
A52: APP_7_HOURS_UNITS | B52: 3 | C52: Data Entry | D52: ='Data Entry'!$F$124 -> 0 | E52: F124 | F52: F124 | G52: 1 | H52: 1 | I52: 1 | J52: 1
A53: APP_7_NAME | B53: 3 | C53: Data Entry | D53: ='Data Entry'!$D$124 -> 0 | E53: D124 | F53: D124 | G53: 1 | H53: 1 | I53: 1 | J53: 1
A54: APP_7_NAME_TUNED | B54: 15 | C54: Industry | D54: =Industry!$D$79 -> 0 | E54: D79 | F54: D79 | G54: 1 | H54: 1 | I54: 1 | J54: 1
A55: APP_8_AVG_RATE | B55: 14 | C55: Price Make-up | D55: ='Price Make-up'!$CT$139 -> 0 | E55: CT139 | F55: CT139 | G55: 1 | H55: 1 | I55: 1 | J55: 1
A56: APP_8_HOURS | B56: 3 | C56: Data Entry | D56: ='Data Entry'!$E$125 -> 0 | E56: E125 | F56: E125 | G56: 1 | H56: 1 | I56: 1 | J56: 1
A57: APP_8_HOURS_TUNED | B57: 15 | C57: Industry | D57: =Industry!$D$82 -> 0 | E57: D82 | F57: D82 | G57: 1 | H57: 1 | I57: 1 | J57: 1
A58: APP_8_HOURS_UNITS | B58: 3 | C58: Data Entry | D58: ='Data Entry'!$F$125 -> 0 | E58: F125 | F58: F125 | G58: 1 | H58: 1 | I58: 1 | J58: 1
A59: APP_8_NAME | B59: 3 | C59: Data Entry | D59: ='Data Entry'!$D$125 -> 0 | E59: D125 | F59: D125 | G59: 1 | H59: 1 | I59: 1 | J59: 1
A60: APP_8_NAME_TUNED | B60: 15 | C60: Industry | D60: =Industry!$D$81 -> 0 | E60: D81 | F60: D81 | G60: 1 | H60: 1 | I60: 1 | J60: 1
A61: APP_AC_TOTAL_HOURS | B61: 14 | C61: Price Make-up | D61: ='Price Make-up'!$CM$142 -> 0 | E61: CM142 | F61: CM142 | G61: 1 | H61: 1 | I61: 1 | J61: 1
A62: APP_AE_TOTAL_HOURS | B62: 14 | C62: Price Make-up | D62: ='Price Make-up'!$CO$142 -> 0 | E62: CO142 | F62: CO142 | G62: 1 | H62: 1 | I62: 1 | J62: 1
A63: APP_BASED_1st_UNIT_AC_HOURS | B63: 14 | C63: Price Make-up | D63: ='Price Make-up'!$P$274 -> 0 | E63: P274 | F63: P274 | G63: 1 | H63: 1 | I63: 1 | J63: 1
A64: APP_BASED_1st_UNIT_AE_HOURS | B64: 14 | C64: Price Make-up | D64: ='Price Make-up'!$R$274 -> 0 | E64: R274 | F64: R274 | G64: 1 | H64: 1 | I64: 1 | J64: 1
A65: APP_BASED_1st_UNIT_APP_AC_HOURS | B65: 14 | C65: Price Make-up | D65: ='Price Make-up'!$P$142 -> 0 | E65: P142 | F65: P142 | G65: 1 | H65: 1 | I65: 1 | J65: 1
A66: APP_BASED_1st_UNIT_APP_AE_HOURS | B66: 14 | C66: Price Make-up | D66: ='Price Make-up'!$R$142 -> 0 | E66: R142 | F66: R142 | G66: 1 | H66: 1 | I66: 1 | J66: 1
A67: APP_BASED_1st_UNIT_APP_COST | B67: 14 | C67: Price Make-up | D67: ='Price Make-up'!$L$142 -> 0 | E67: L142 | F67: L142 | G67: 1 | H67: 1 | I67: 1 | J67: 1
A68: APP_BASED_1st_UNIT_APP_HOURS | B68: 14 | C68: Price Make-up | D68: ='Price Make-up'!$N$142 -> 0 | E68: N142 | F68: N142 | G68: 1 | H68: 1 | I68: 1 | J68: 1
A69: APP_BASED_1st_UNIT_APP_LE_HOURS | B69: 14 | C69: Price Make-up | D69: ='Price Make-up'!$Q$142 -> 0 | E69: Q142 | F69: Q142 | G69: 1 | H69: 1 | I69: 1 | J69: 1
A70: APP_BASED_1st_UNIT_APP_PM_HOURS | B70: 14 | C70: Price Make-up | D70: ='Price Make-up'!$O$142 -> 0 | E70: O142 | F70: O142 | G70: 1 | H70: 1 | I70: 1 | J70: 1
A71: APP_BASED_1st_UNIT_APP_SE_HOURS | B71: 14 | C71: Price Make-up | D71: ='Price Make-up'!$T$142 -> 0 | E71: T142 | F71: T142 | G71: 1 | H71: 1 | I71: 1 | J71: 1
A72: APP_BASED_1st_UNIT_APP_SR_HOURS | B72: 14 | C72: Price Make-up | D72: ='Price Make-up'!$U$142 -> 0 | E72: U142 | F72: U142 | G72: 1 | H72: 1 | I72: 1 | J72: 1
A73: APP_BASED_1st_UNIT_APP_T_HOURS | B73: 14 | C73: Price Make-up | D73: ='Price Make-up'!$S$142 -> 0 | E73: S142 | F73: S142 | G73: 1 | H73: 1 | I73: 1 | J73: 1
A74: APP_BASED_1st_UNIT_CLEAN_AC_HOURS | B74: 14 | C74: Price Make-up | D74: ='Price Make-up'!$P$254 -> 0 | E74: P254 | F74: P254 | G74: 1 | H74: 1 | I74: 1 | J74: 1
A75: APP_BASED_1st_UNIT_CLEAN_AE_HOURS | B75: 14 | C75: Price Make-up | D75: ='Price Make-up'!$R$254 -> 0 | E75: R254 | F75: R254 | G75: 1 | H75: 1 | I75: 1 | J75: 1
A76: APP_BASED_1st_UNIT_CLEAN_COST | B76: 14 | C76: Price Make-up | D76: ='Price Make-up'!$L$254 -> 0 | E76: L254 | F76: L254 | G76: 1 | H76: 1 | I76: 1 | J76: 1
A77: APP_BASED_1st_UNIT_CLEAN_HOURS | B77: 14 | C77: Price Make-up | D77: ='Price Make-up'!$N$254 -> 0 | E77: N254 | F77: N254 | G77: 1 | H77: 1 | I77: 1 | J77: 1
A78: APP_BASED_1st_UNIT_CLEAN_LE_HOURS | B78: 14 | C78: Price Make-up | D78: ='Price Make-up'!$Q$254 -> 0 | E78: Q254 | F78: Q254 | G78: 1 | H78: 1 | I78: 1 | J78: 1
A79: APP_BASED_1st_UNIT_CLEAN_PM_HOURS | B79: 14 | C79: Price Make-up | D79: ='Price Make-up'!$O$254 -> 0 | E79: O254 | F79: O254 | G79: 1 | H79: 1 | I79: 1 | J79: 1
A80: APP_BASED_1st_UNIT_CLEAN_SE_HOURS | B80: 14 | C80: Price Make-up | D80: ='Price Make-up'!$T$254 -> 0 | E80: T254 | F80: T254 | G80: 1 | H80: 1 | I80: 1 | J80: 1
A81: APP_BASED_1st_UNIT_CLEAN_SR_HOURS | B81: 14 | C81: Price Make-up | D81: ='Price Make-up'!$U$254 -> 0 | E81: U254 | F81: U254 | G81: 1 | H81: 1 | I81: 1 | J81: 1
A82: APP_BASED_1st_UNIT_CLEAN_T_HOURS | B82: 14 | C82: Price Make-up | D82: ='Price Make-up'!$S$254 -> 0 | E82: S254 | F82: S254 | G82: 1 | H82: 1 | I82: 1 | J82: 1
A83: APP_BASED_1st_UNIT_COURSE_AC_HOURS | B83: 14 | C83: Price Make-up | D83: ='Price Make-up'!$P$190 -> 0 | E83: P190 | F83: P190 | G83: 1 | H83: 1 | I83: 1 | J83: 1
A84: APP_BASED_1st_UNIT_COURSE_Ae_HOURS | B84: 14 | C84: Price Make-up | D84: ='Price Make-up'!$R$190 -> 0 | E84: R190 | F84: R190 | G84: 1 | H84: 1 | I84: 1 | J84: 1
A85: APP_BASED_1st_UNIT_COURSE_COST | B85: 14 | C85: Price Make-up | D85: ='Price Make-up'!$L$190 -> 0 | E85: L190 | F85: L190 | G85: 1 | H85: 1 | I85: 1 | J85: 1
A86: APP_BASED_1st_UNIT_COURSE_HOURS | B86: 14 | C86: Price Make-up | D86: ='Price Make-up'!$N$190 -> 0 | E86: N190 | F86: N190 | G86: 1 | H86: 1 | I86: 1 | J86: 1
A87: APP_BASED_1st_UNIT_COURSE_Le_HOURS | B87: 14 | C87: Price Make-up | D87: ='Price Make-up'!$Q$190 -> 0 | E87: Q190 | F87: Q190 | G87: 1 | H87: 1 | I87: 1 | J87: 1
A88: APP_BASED_1st_UNIT_COURSE_PM_HOURS | B88: 14 | C88: Price Make-up | D88: ='Price Make-up'!$O$190 -> 0 | E88: O190 | F88: O190 | G88: 1 | H88: 1 | I88: 1 | J88: 1
A89: APP_BASED_1st_UNIT_COURSE_SE_HOURS | B89: 14 | C89: Price Make-up | D89: ='Price Make-up'!$T$190 -> 0 | E89: T190 | F89: T190 | G89: 1 | H89: 1 | I89: 1 | J89: 1
A90: APP_BASED_1st_UNIT_COURSE_SR_HOURS | B90: 14 | C90: Price Make-up | D90: ='Price Make-up'!$U$190 -> 0 | E90: U190 | F90: U190 | G90: 1 | H90: 1 | I90: 1 | J90: 1
A91: APP_BASED_1st_UNIT_COURSE_T_HOURS | B91: 14 | C91: Price Make-up | D91: ='Price Make-up'!$S$190 -> 0 | E91: S190 | F91: S190 | G91: 1 | H91: 1 | I91: 1 | J91: 1
A92: APP_BASED_1st_UNIT_CP_AC_HOURS | B92: 14 | C92: Price Make-up | D92: ='Price Make-up'!$P$62 -> 0 | E92: P62 | F92: P62 | G92: 1 | H92: 1 | I92: 1 | J92: 1
A93: APP_BASED_1st_UNIT_CP_AE_HOURS | B93: 14 | C93: Price Make-up | D93: ='Price Make-up'!$R$62 -> 0 | E93: R62 | F93: R62 | G93: 1 | H93: 1 | I93: 1 | J93: 1
A94: APP_BASED_1st_UNIT_CP_COST | B94: 14 | C94: Price Make-up | D94: ='Price Make-up'!$L$62 -> 0 | E94: L62 | F94: L62 | G94: 1 | H94: 1 | I94: 1 | J94: 1
A95: APP_BASED_1st_UNIT_CP_HOURS | B95: 14 | C95: Price Make-up | D95: ='Price Make-up'!$N$62 -> 0 | E95: N62 | F95: N62 | G95: 1 | H95: 1 | I95: 1 | J95: 1
A96: APP_BASED_1st_UNIT_CP_LE_HOURS | B96: 14 | C96: Price Make-up | D96: ='Price Make-up'!$Q$62 -> 0 | E96: Q62 | F96: Q62 | G96: 1 | H96: 1 | I96: 1 | J96: 1
A97: APP_BASED_1st_UNIT_CP_PM_HOURS | B97: 14 | C97: Price Make-up | D97: ='Price Make-up'!$O$62 -> 0 | E97: O62 | F97: O62 | G97: 1 | H97: 1 | I97: 1 | J97: 1
A98: APP_BASED_1st_UNIT_CP_SE_HOURS | B98: 14 | C98: Price Make-up | D98: ='Price Make-up'!$T$62 -> 0 | E98: T62 | F98: T62 | G98: 1 | H98: 1 | I98: 1 | J98: 1
A99: APP_BASED_1st_UNIT_CP_SR_HOURS | B99: 14 | C99: Price Make-up | D99: ='Price Make-up'!$U$62 -> 0 | E99: U62 | F99: U62 | G99: 1 | H99: 1 | I99: 1 | J99: 1
A100: APP_BASED_1st_UNIT_CP_T_HOURS | B100: 14 | C100: Price Make-up | D100: ='Price Make-up'!$S$62 -> 0 | E100: S62 | F100: S62 | G100: 1 | H100: 1 | I100: 1 | J100: 1
...

Sheet Skipped_Ranges
A1: name | B1: sheet_id | C1: sheet_name | D1: ref_a1 | E1: first_cell | F1: last_cell | G1: n_rows | H1: n_cols | I1: n_cells | J1: reason
A2: COUNTRY_TABLE_START | B2: 17 | C2: World Cost tables | D2: ='World Cost tables'!$F$24 -> 0 | E2: F24 | F2: F24 | G2: 1 | H2: 1 | I2: 1 | J2: excel internal / system artifact
A3: CURRENCY_LOC_TABLE_START | B3: 19 | C3: World Currency Table | D3: ='World Currency Table'!$A$4 -> 0 | E3: A4 | F3: A4 | G3: 1 | H3: 1 | I3: 1 | J3: excel internal / system artifact
A4: CURRENCY_REM_TABLE_START | B4: 19 | C4: World Currency Table | D4: ='World Currency Table'!$A$2 -> 0 | E4: A2 | F4: A2 | G4: 1 | H4: 1 | I4: 1 | J4: excel internal / system artifact
A5: CUSTOMER_TYPE_TABLE_START | B5: 15 | C5: Industry | D5: =Industry!$D$4 -> 0 | E5: D4 | F5: D4 | G5: 1 | H5: 1 | I5: 1 | J5: excel internal / system artifact
A6: CUSTOMER_TYPE_TOOLKIT_TABLE_START | B6: 16 | C6: Toolkit | D6: =Toolkit!$E$11 -> 0 | E6: E11 | F6: E11 | G6: 1 | H6: 1 | I6: 1 | J6: excel internal / system artifact
A7: INDUSTRY_TABLE_START | B7: 15 | C7: Industry | D7: =Industry!$D$9 -> 0 | E7: D9 | F7: D9 | G7: 1 | H7: 1 | I7: 1 | J7: excel internal / system artifact
